{"stats":{"minecraft:killed":{"minecraft:pig":2,"witherstormmod:sickened_iron_golem":1,"witherstormmod:tentacle":1},"minecraft:used":{"witherstormmod:eye_of_the_storm":8,"witherstormmod:formidi_blade":4,"minecraft:soul_sand":4,"witherstormmod:tentacle_spawn_egg":1,"minecraft:wither_skeleton_skull":4,"witherstormmod:command_block_sword":24,"witherstormmod:sickened_iron_golem_spawn_egg":1,"witherstormmod:phasometer":8,"minecraft:command_block":1,"witherstormmod:iron_command_block_hoe":11},"minecraft:custom":{"minecraft:jump":21,"minecraft:time_since_rest":15797,"minecraft:damage_dealt":2514,"minecraft:crouch_one_cm":103,"minecraft:play_time":15797,"minecraft:time_since_death":15797,"minecraft:walk_one_cm":5805,"minecraft:sneak_time":187,"minecraft:total_world_time":15797,"minecraft:mob_kills":4,"minecraft:fly_one_cm":27017}},"DataVersion":3465}