{
  "minecraft:recipes/decorations/crafting_table": {
    "criteria": {
      "unlock_right_away": "2024-10-15 02:05:42 +0000"
    },
    "done": true
  },
  "witherstormmod:main/silver_lining": {
    "criteria": {
      "gained_tool": "2024-10-15 02:08:08 +0000"
    },
    "done": true
  },
  "minecraft:adventure/adventuring_time": {
    "criteria": {
      "minecraft:forest": "2024-10-15 02:05:44 +0000",
      "minecraft:plains": "2024-10-15 02:07:18 +0000"
    },
    "done": false
  },
  "DataVersion": 3465
}